{
  "mode": "confusion",
  "condition": {
    "dose": 100.0
  },
  "class_names": [
    "background",
    "lattice",
    "vacancy",
    "dopant",
    "disordered"
  ],
  "threshold": {
    "counts": [
      [
        162926,
        4662,
        0,
        0,
        26091
      ],
      [
        3262,
        51804,
        0,
        0,
        5490
      ],
      [
        2203,
        0,
        0,
        0,
        270
      ],
      [
        4,
        0,
        0,
        0,
        2803
      ],
      [
        28441,
        6218,
        0,
        0,
        738
      ]
    ],
    "row_normalized": [
      [
        0.841216652295809,
        0.024070756251323065,
        0.0,
        0.0,
        0.1347125914528679
      ],
      [
        0.05386749455049871,
        0.8554726203844375,
        0.0,
        0.0,
        0.09065988506506374
      ],
      [
        0.8908208653457339,
        0.0,
        0.0,
        0.0,
        0.10917913465426607
      ],
      [
        0.0014250089063056644,
        0.0,
        0.0,
        0.0,
        0.9985749910936943
      ],
      [
        0.8034861711444473,
        0.175664604345001,
        0.0,
        0.0,
        0.020849224510551743
      ]
    ],
    "pixel_accuracy": 0.7306179470486112,
    "iou": {
      "background": 0.715878183919258,
      "lattice": 0.7251805812195532,
      "vacancy": 0.0,
      "dopant": 0.0,
      "disordered": 0.010535181510613697
    }
  },
  "rf": {
    "counts": [
      [
        157232,
        4693,
        2077,
        918,
        28759
      ],
      [
        4581,
        54370,
        26,
        0,
        1579
      ],
      [
        642,
        0,
        80,
        0,
        1751
      ],
      [
        9,
        0,
        0,
        2798,
        0
      ],
      [
        10241,
        5358,
        194,
        12,
        19592
      ]
    ],
    "row_normalized": [
      [
        0.8118174918292639,
        0.024230814905074893,
        0.010723929801372373,
        0.0047398014240057,
        0.14848796204028314
      ],
      [
        0.07564898606248761,
        0.8978466213092015,
        0.0004293546469383711,
        0.0,
        0.026075037981372614
      ],
      [
        0.25960372017792155,
        0.0,
        0.03234937323089365,
        0.0,
        0.7080469065911847
      ],
      [
        0.003206270039187745,
        0.0,
        0.0,
        0.9967937299608123,
        0.0
      ],
      [
        0.28931830381105744,
        0.15136876006441224,
        0.005480690453993276,
        0.0003390117806593779,
        0.5534932338898777
      ]
    ],
    "pixel_accuracy": 0.793701171875,
    "iou": {
      "background": 0.7517594859241126,
      "lattice": 0.7700369651734247,
      "vacancy": 0.016771488469601678,
      "dopant": 0.7487289269467488,
      "disordered": 0.29031206472453547
    }
  },
  "unet": {
    "counts": [
      [
        181571,
        3105,
        805,
        165,
        8033
      ],
      [
        1804,
        57849,
        43,
        0,
        860
      ],
      [
        51,
        14,
        2179,
        0,
        229
      ],
      [
        8,
        0,
        0,
        2799,
        0
      ],
      [
        509,
        199,
        137,
        12,
        34540
      ]
    ],
    "row_normalized": [
      [
        0.937484187753964,
        0.016031681287078103,
        0.004156361815168397,
        0.0008519250925500441,
        0.04147584405123942
      ],
      [
        0.02979060704141621,
        0.9552975757976089,
        0.0007100865314749983,
        0.0,
        0.014201730629499967
      ],
      [
        0.020622725434694702,
        0.005661140315406389,
        0.8811160533764658,
        0.0,
        0.09260008087343308
      ],
      [
        0.0028500178126113287,
        0.0,
        0.0,
        0.9971499821873887,
        0.0
      ],
      [
        0.014379749696301947,
        0.005621945362601351,
        0.003870384495861231,
        0.0003390117806593779,
        0.9757889086645761
      ]
    ],
    "pixel_accuracy": 0.9458346896701388,
    "iou": {
      "background": 0.926141667219244,
      "lattice": 0.9056736700378871,
      "vacancy": 0.630133024869867,
      "dopant": 0.9380026809651475,
      "disordered": 0.7758485141175678
    }
  },
  "config": {
    "name": "confusion",
    "mode": "confusion",
    "seed": 25,
    "images_per_condition": 8,
    "methods": [
      "threshold",
      "rf",
      "unet"
    ],
    "models": {
      "unet": "models/unet.pt",
      "rf": "models/rf.pkl"
    },
    "base_config": {
      "size": 192,
      "material": "graphene",
      "rotation_deg": 15.0,
      "vacancy_fraction": 0.04,
      "dopant_fraction": 0.04,
      "disorder_fraction": 0.12
    },
    "condition": {
      "dose": 100.0
    }
  }
}
